first_name,last_name,email
Wini,Van Dale,wvandale0@elegantthemes.com
Joby,Goodridge,jgoodridge1@ustream.tv
Gun,Kendle,gkendle2@wikispaces.com
Tyrus,Kliemke,tkliemke3@ucoz.ru
Fifine,Bunney,fbunney4@usnews.com
Bibby,Rollings,brollings5@ebay.co.uk
Lou,Tupie,ltupie6@buzzfeed.com
Cornelia,Vedenyapin,cvedenyapin7@vk.com
Jasmin,Keighly,jkeighly8@cnet.com
Lydon,Frankes,lfrankes9@list-manage.com
Huntington,Tuohy,htuohya@buzzfeed.com
Randi,Batchelor,rbatchelorb@tinypic.com
Roxanna,Cadamy,rcadamyc@stanford.edu
Moses,Antushev,mantushevd@statcounter.com
Clayborne,Brierley,cbrierleye@mapy.cz
Lawry,Posten,lpostenf@simplemachines.org
Kristofer,Simoncini,ksimoncinig@cam.ac.uk
Hank,Troubridge,htroubridgeh@skype.com
Kelly,Duddy,kduddyi@yahoo.co.jp
Alison,Coppard,acoppardj@wordpress.com
Findley,Morcom,fmorcomk@prlog.org
Rosaleen,Tilt,rtiltl@businessinsider.com
Nicolais,Oiller,noillerm@marriott.com
Mel,Churm,mchurmn@youtube.com
Giorgio,Tradewell,gtradewello@1und1.de
Red,Lydden,rlyddenp@stumbleupon.com
Roxana,Andrewartha,randrewarthaq@dagondesign.com
Dominique,Raven,dravenr@about.me
Web,Blackborough,wblackboroughs@wordpress.org
Jedediah,Klimschak,jklimschakt@wiley.com
Wang,Renforth,wrenforthu@umn.edu
Franklin,Jiran,fjiranv@squarespace.com
Denney,Yakubowicz,dyakubowiczw@hp.com
Rowan,Seabrocke,rseabrockex@yolasite.com
Craggie,Hardwidge,chardwidgey@4shared.com
Natale,O'Bradain,nobradainz@alibaba.com
Kaila,Duesberry,kduesberry10@instagram.com
Delaney,Curedale,dcuredale11@ask.com
Bordy,Bilton,bbilton12@rambler.ru
Phillipp,Poel,ppoel13@discuz.net
Brendon,Cockling,bcockling14@printfriendly.com
Allyson,Strasse,astrasse15@geocities.jp
Seward,Lazar,slazar16@artisteer.com
Pavlov,Palatini,ppalatini17@squidoo.com
Elvin,Haimes,ehaimes18@tripod.com
Goldi,Jodlkowski,gjodlkowski19@fc2.com
Nealon,Crowche,ncrowche1a@diigo.com
Elwira,Caisley,ecaisley1b@tinyurl.com
Dannie,Skate,dskate1c@upenn.edu
Ninon,Infante,ninfante1d@w3.org
Hodge,Trenoweth,htrenoweth1e@goodreads.com
Gregoire,Gostick,ggostick1f@army.mil
Shelagh,Zanini,szanini1g@salon.com
Ernesta,Jerok,ejerok1h@tinyurl.com
Terese,Fieldstone,tfieldstone1i@google.es
Rice,Longhorne,rlonghorne1j@ucoz.com
Cosette,Epgrave,cepgrave1k@virginia.edu
Spencer,Lidgely,slidgely1l@cnet.com
Idell,Smeeton,ismeeton1m@ucoz.ru
Holden,Palek,hpalek1n@epa.gov
Jarred,Mea,jmea1o@vinaora.com
Sibylla,Sabie,ssabie1p@w3.org
Lenna,Rose,lrose1q@china.com.cn
Ricoriki,Seemmonds,rseemmonds1r@yolasite.com
Ema,Aries,earies1s@bbb.org
Donni,Crosio,dcrosio1t@whitehouse.gov
Kingston,Leppington,kleppington1u@skype.com
Rodie,Dodds,rdodds1v@typepad.com
Fay,Tiddeman,ftiddeman1w@google.co.uk
Farand,Briiginshaw,fbriiginshaw1x@rakuten.co.jp
Jenda,McNirlan,jmcnirlan1y@github.com
Wallis,Bool,wbool1z@statcounter.com
Hartley,Scholey,hscholey20@histats.com
Paxton,Dahl,pdahl21@typepad.com
Thorn,Dabinett,tdabinett22@google.com.au
Ethel,Tuffrey,etuffrey23@xing.com
Jackqueline,Dobrowski,jdobrowski24@dailymail.co.uk
Cristie,Meade,cmeade25@accuweather.com
Sander,Tomasi,stomasi26@youtube.com
Garey,Gosnall,ggosnall27@unc.edu
Oliy,Feeley,ofeeley28@mysql.com
Tomi,Woodfin,twoodfin29@list-manage.com
Wendell,Gutman,wgutman2a@addthis.com
Margie,Pinor,mpinor2b@columbia.edu
Tara,Gelardi,tgelardi2c@si.edu
Philly,Mushawe,pmushawe2d@scribd.com
Belia,Sherer,bsherer2e@statcounter.com
Allx,Braunes,abraunes2f@squidoo.com
Keane,Brashier,kbrashier2g@youtube.com
Morten,Luddy,mluddy2h@google.es
Jerad,Bernardini,jbernardini2i@harvard.edu
Son,Tackle,stackle2j@homestead.com
Reed,Hulles,rhulles2k@sciencedaily.com
Maitilde,Brosini,mbrosini2l@typepad.com
Kristyn,Ivashov,kivashov2m@slate.com
Ellswerth,Willmot,ewillmot2n@wiley.com
Fae,Gagg,fgagg2o@simplemachines.org
Bridget,Bouldon,bbouldon2p@trellian.com
Tamqrah,Gresty,tgresty2q@pen.io
Gal,Speaks,gspeaks2r@wikimedia.org
Jhon,Doe,jdoe@gmail.com
Jane,Doe,janedoe@gmail.com
Jaime,Bayle,kjaime@gmail.com
Francisco,Bolognesi,fbolognesi@gmail.com
Jaime,Bayle,kjaime@gmail.com
Francisco,Bolognesi,fbolognesi@gmail.com
Jaime,Bayle,kjaime@gmail.com
Francisco,Bolognesi,fbolognesi@gmail.com
Jaime,Bayle,kjaime@gmail.com
Francisco,Bolognesi,fbolognesi@gmail.com
Jaime,Bayle,kjaime@gmail.com
Francisco,Bolognesi,fbolognesi@gmail.com
Jaime,Bayle,kjaime@gmail.com
Francisco,Bolognesi,fbolognesi@gmail.com
Jaime,Bayle,kjaime@gmail.com
Francisco,Bolognesi,fbolognesi@gmail.com
Jaime,Bayle,kjaime@gmail.com
Francisco,Bolognesi,fbolognesi@gmail.com
Jaime,Bayle,kjaime@gmail.com
Francisco,Bolognesi,fbolognesi@gmail.com
Jaime,Bayle,kjaime@gmail.com
Francisco,Bolognesi,fbolognesi@gmail.com
Jaime,Bayle,kjaime@gmail.com
Francisco,Bolognesi,fbolognesi@gmail.com
Jaime,Bayle,kjaime@gmail.com
Francisco,Bolognesi,fbolognesi@gmail.com
Jaime,Bayle,kjaime@gmail.com
Francisco,Bolognesi,fbolognesi@gmail.com
Jaime,Bayle,kjaime@gmail.com
Francisco,Bolognesi,fbolognesi@gmail.com
Jaime,Bayle,kjaime@gmail.com
Francisco,Bolognesi,fbolognesi@gmail.com
Jaime,Bayle,kjaime@gmail.com
Francisco,Bolognesi,fbolognesi@gmail.com
Jaime,Bayle,kjaime@gmail.com
Francisco,Bolognesi,fbolognesi@gmail.com
Jaime,Bayle,kjaime@gmail.com
Francisco,Bolognesi,fbolognesi@gmail.com
